"2","","False","delectus aut autem"
"2","","False","quis ut nam facilis et officia qui"
"2","","False","fugiat veniam minus"
"2","","True","et porro tempora"
"2","","False","laboriosam mollitia et enim quasi adipisci quia provident illum"
"2","","False","qui ullam ratione quibusdam voluptatem quia omnis"
"2","","False","illo expedita consequatur quia in"
"2","","True","quo adipisci enim quam ut ab"
"2","","False","molestiae perspiciatis ipsa"
"2","","True","illo est ratione doloremque quia maiores aut"
"2","","True","vero rerum temporibus dolor"
"2","","True","ipsa repellendus fugit nisi"
"2","","False","et doloremque nulla"
"2","","True","repellendus sunt dolores architecto voluptatum"
"2","","True","ab voluptatum amet voluptas"
"2","","True","accusamus eos facilis sint et aut voluptatem"
"2","","True","quo laboriosam deleniti aut qui"
"2","","False","dolorum est consequatur ea mollitia in culpa"
"2","","True","molestiae ipsa aut voluptatibus pariatur dolor nihil"
"2","","True","ullam nobis libero sapiente ad optio sint"
"2","","False","suscipit repellat esse quibusdam voluptatem incidunt"
"2","","True","distinctio vitae autem nihil ut molestias quo"
"2","","False","et itaque necessitatibus maxime molestiae qui quas velit"
"2","","False","adipisci non ad dicta qui amet quaerat doloribus ea"
"2","","True","voluptas quo tenetur perspiciatis explicabo natus"
"2","","True","aliquam aut quasi"
"2","","True","veritatis pariatur delectus"
"2","","False","nesciunt totam sit blanditiis sit"
"2","","False","laborum aut in quam"
"2","","True","nemo perspiciatis repellat ut dolor libero commodi blanditiis omnis"
"2","","False","repudiandae totam in est sint facere fuga"
"2","","False","earum doloribus ea doloremque quis"
"2","","False","sint sit aut vero"
"2","","False","porro aut necessitatibus eaque distinctio"
"2","","True","repellendus veritatis molestias dicta incidunt"
"2","","True","excepturi deleniti adipisci voluptatem et neque optio illum ad"
"2","","False","sunt cum tempora"
"2","","False","totam quia non"
"2","","False","doloremque quibusdam asperiores libero corrupti illum qui omnis"
"2","","True","totam atque quo nesciunt"
"2","","False","aliquid amet impedit consequatur aspernatur placeat eaque fugiat suscipit"
"2","","False","rerum perferendis error quia ut eveniet"
"2","","True","tempore ut sint quis recusandae"
"2","","True","cum debitis quis accusamus doloremque ipsa natus sapiente omnis"
"2","","False","velit soluta adipisci molestias reiciendis harum"
"2","","False","vel voluptatem repellat nihil placeat corporis"
"2","","False","nam qui rerum fugiat accusamus"
"2","","False","sit reprehenderit omnis quia"
"2","","False","ut necessitatibus aut maiores debitis officia blanditiis velit et"
"2","","True","cupiditate necessitatibus ullam aut quis dolor voluptate"
"2","","False","distinctio exercitationem ab doloribus"
"2","","False","nesciunt dolorum quis recusandae ad pariatur ratione"
"2","","False","qui labore est occaecati recusandae aliquid quam"
"2","","True","quis et est ut voluptate quam dolor"
"2","","True","voluptatum omnis minima qui occaecati provident nulla voluptatem ratione"
"2","","True","deleniti ea temporibus enim"
"2","","False","pariatur et magnam ea doloribus similique voluptatem rerum quia"
"2","","False","est dicta totam qui explicabo doloribus qui dignissimos"
"2","","False","perspiciatis velit id laborum placeat iusto et aliquam odio"
"2","","True","et sequi qui architecto ut adipisci"
"2","","True","odit optio omnis qui sunt"
"2","","False","et placeat et tempore aspernatur sint numquam"
"2","","True","doloremque aut dolores quidem fuga qui nulla"
"2","","False","voluptas consequatur qui ut quia magnam nemo esse"
"2","","False","fugiat pariatur ratione ut asperiores necessitatibus magni"
"2","","False","rerum eum molestias autem voluptatum sit optio"
"2","","False","quia voluptatibus voluptatem quos similique maiores repellat"
"2","","False","aut id perspiciatis voluptatem iusto"
"2","","False","doloribus sint dolorum ab adipisci itaque dignissimos aliquam suscipit"
"2","","False","ut sequi accusantium et mollitia delectus sunt"
"2","","False","aut velit saepe ullam"
"2","","False","praesentium facilis facere quis harum voluptatibus voluptatem eum"
"2","","True","sint amet quia totam corporis qui exercitationem commodi"
"2","","False","expedita tempore nobis eveniet laborum maiores"
"2","","False","occaecati adipisci est possimus totam"
"2","","True","sequi dolorem sed"
"2","","False","maiores aut nesciunt delectus exercitationem vel assumenda eligendi at"
"2","","False","reiciendis est magnam amet nemo iste recusandae impedit quaerat"
"2","","True","eum ipsa maxime ut"
"2","","True","tempore molestias dolores rerum sequi voluptates ipsum consequatur"
"2","","True","suscipit qui totam"
"2","","False","voluptates eum voluptas et dicta"
"2","","True","quidem at rerum quis ex aut sit quam"
"2","","False","sunt veritatis ut voluptate"
"2","","True","et quia ad iste a"
"2","","True","incidunt ut saepe autem"
"2","","True","laudantium quae eligendi consequatur quia et vero autem"
"2","","False","vitae aut excepturi laboriosam sint aliquam et et accusantium"
"2","","True","sequi ut omnis et"
"2","","True","molestiae nisi accusantium tenetur dolorem et"
"2","","True","nulla quis consequatur saepe qui id expedita"
"2","","True","in omnis laboriosam"
"2","","True","odio iure consequatur molestiae quibusdam necessitatibus quia sint"
"2","","False","facilis modi saepe mollitia"
"2","","True","vel nihil et molestiae iusto assumenda nemo quo ut"
"2","","False","nobis suscipit ducimus enim asperiores voluptas"
"2","","False","dolorum laboriosam eos qui iure aliquam"
"2","","True","debitis accusantium ut quo facilis nihil quis sapiente necessitatibus"
"2","","False","neque voluptates ratione"
"2","","False","excepturi a et neque qui expedita vel voluptate"
"2","","False","explicabo enim cumque porro aperiam occaecati minima"
"2","","False","sed ab consequatur"
"2","","False","non sunt delectus illo nulla tenetur enim omnis"
"2","","False","excepturi non laudantium quo"
"2","","True","totam quia dolorem et illum repellat voluptas optio"
"2","","True","ad illo quis voluptatem temporibus"
"2","","False","praesentium facilis omnis laudantium fugit ad iusto nihil nesciunt"
"2","","True","a eos eaque nihil et exercitationem incidunt delectus"
"2","","True","autem temporibus harum quisquam in culpa"
"2","","True","aut aut ea corporis"
"2","","False","magni accusantium labore et id quis provident"
"2","","False","consectetur impedit quisquam qui deserunt non rerum consequuntur eius"
"2","","False","quia atque aliquam sunt impedit voluptatum rerum assumenda nisi"
"2","","False","cupiditate quos possimus corporis quisquam exercitationem beatae"
"2","","False","sed et ea eum"
"2","","True","ipsa dolores vel facilis ut"
"2","","False","sequi quae est et qui qui eveniet asperiores"
"2","","False","quia modi consequatur vero fugiat"
"2","","False","corporis ducimus ea perspiciatis iste"
"2","","False","dolorem laboriosam vel voluptas et aliquam quasi"
"2","","True","inventore aut nihil minima laudantium hic qui omnis"
"2","","True","provident aut nobis culpa"
"2","","False","esse et quis iste est earum aut impedit"
"2","","False","qui consectetur id"
"2","","False","aut quasi autem iste tempore illum possimus"
"2","","True","ut asperiores perspiciatis veniam ipsum rerum saepe"
"2","","True","voluptatem libero consectetur rerum ut"
"2","","False","eius omnis est qui voluptatem autem"
"2","","False","rerum culpa quis harum"
"2","","True","nulla aliquid eveniet harum laborum libero alias ut unde"
"2","","False","qui ea incidunt quis"
"2","","True","qui molestiae voluptatibus velit iure harum quisquam"
"2","","True","et labore eos enim rerum consequatur sunt"
"2","","False","molestiae doloribus et laborum quod ea"
"2","","False","facere ipsa nam eum voluptates reiciendis vero qui"
"2","","False","asperiores illo tempora fuga sed ut quasi adipisci"
"2","","False","qui sit non"
"2","","True","placeat minima consequatur rem qui ut"
"2","","False","consequatur doloribus id possimus voluptas a voluptatem"
"2","","True","aut consectetur in blanditiis deserunt quia sed laboriosam"
"2","","True","explicabo consectetur debitis voluptates quas quae culpa rerum non"
"2","","True","maiores accusantium architecto necessitatibus reiciendis ea aut"
"2","","False","eum non recusandae cupiditate animi"
"2","","False","ut eum exercitationem sint"
"2","","False","beatae qui ullam incidunt voluptatem non nisi aliquam"
"2","","True","molestiae suscipit ratione nihil odio libero impedit vero totam"
"2","","True","eum itaque quod reprehenderit et facilis dolor autem ut"
"2","","False","esse quas et quo quasi exercitationem"
"2","","False","animi voluptas quod perferendis est"
"2","","False","eos amet tempore laudantium fugit a"
"2","","True","accusamus adipisci dicta qui quo ea explicabo sed vero"
"2","","False","odit eligendi recusandae doloremque cumque non"
"2","","False","ea aperiam consequatur qui repellat eos"
"2","","True","rerum non ex sapiente"
"2","","True","voluptatem nobis consequatur et assumenda magnam"
"2","","True","nam quia quia nulla repellat assumenda quibusdam sit nobis"
"2","","True","dolorem veniam quisquam deserunt repellendus"
"2","","True","debitis vitae delectus et harum accusamus aut deleniti a"
"2","","True","debitis adipisci quibusdam aliquam sed dolore ea praesentium nobis"
"2","","False","et praesentium aliquam est"
"2","","True","ex hic consequuntur earum omnis alias ut occaecati culpa"
"2","","True","omnis laboriosam molestias animi sunt dolore"
"2","","False","natus corrupti maxime laudantium et voluptatem laboriosam odit"
"2","","False","reprehenderit quos aut aut consequatur est sed"
"2","","False","fugiat perferendis sed aut quidem"
"2","","False","quos quo possimus suscipit minima ut"
"2","","False","et quis minus quo a asperiores molestiae"
"2","","False","recusandae quia qui sunt libero"
"2","","True","ea odio perferendis officiis"
"2","","False","quisquam aliquam quia doloribus aut"
"2","","True","fugiat aut voluptatibus corrupti deleniti velit iste odio"
"2","","False","et provident amet rerum consectetur et voluptatum"
"2","","False","harum ad aperiam quis"
"2","","False","similique aut quo"
"2","","True","laudantium eius officia perferendis provident perspiciatis asperiores"
"2","","False","magni soluta corrupti ut maiores rem quidem"
"2","","False","et placeat temporibus voluptas est tempora quos quibusdam"
"2","","True","nesciunt itaque commodi tempore"
"2","","True","omnis consequuntur cupiditate impedit itaque ipsam quo"
"2","","True","debitis nisi et dolorem repellat et"
"2","","False","ut cupiditate sequi aliquam fuga maiores"
"2","","True","inventore saepe cumque et aut illum enim"
"2","","True","omnis nulla eum aliquam distinctio"
"2","","False","molestias modi perferendis perspiciatis"
"2","","False","voluptates dignissimos sed doloribus animi quaerat aut"
"2","","False","explicabo odio est et"
"2","","False","consequuntur animi possimus"
"2","","True","vel non beatae est"
"2","","True","culpa eius et voluptatem et"
"2","","True","accusamus sint iusto et voluptatem exercitationem"
"2","","True","temporibus atque distinctio omnis eius impedit tempore molestias pariatur"
"2","","False","ut quas possimus exercitationem sint voluptates"
"2","","True","rerum debitis voluptatem qui eveniet tempora distinctio a"
"2","","False","sed ut vero sit molestiae"
"2","","True","rerum ex veniam mollitia voluptatibus pariatur"
"2","","True","consequuntur aut ut fugit similique"
"2","","True","dignissimos quo nobis earum saepe"
"2","","True","quis eius est sint explicabo"
"2","","True","numquam repellendus a magnam"
"2","","False","ipsam aperiam voluptates qui"
